0,PM,2018-11-27 19:14:51.046,Kaleidoo
1,PM,2018-09-14 14:14:06.184,Kaleidoo
2,PM,2018-09-29 03:02:10.639,Kaleidoo
3,PM,2018-11-24 05:13:13.114,Kaleidoo
4,PM,2018-10-28 17:16:54.377,Kaleidoo
5,PM,2018-08-15 04:13:43.597,Kaleidoo
6,PM,2018-12-13 05:26:19.434,Kaleidoo
7,PM,2018-08-04 00:48:47.950,Kaleidoo
8,PM,2018-06-28 10:14:00.723,Kaleidoo
9,PM,2018-09-08 22:20:51.906,Kaleidoo
10,PM,2018-12-22 10:11:32.310,Kaleidoo
11,PM,2018-08-15 01:38:30.144,Kaleidoo
12,PM,2018-10-24 09:51:48.898,Kaleidoo
13,PM,2018-09-01 17:51:53.462,Kaleidoo
14,PM,2018-08-19 01:53:11.542,Kaleidoo
15,PM,2019-03-07 18:33:18.289,Kaleidoo
16,PM,2019-01-17 04:28:08.227,Kaleidoo
17,PM,2019-06-18 12:09:52.090,Kaleidoo
18,PM,2019-01-22 08:24:21.206,Kaleidoo
19,PM,2019-01-07 20:41:29.452,Kaleidoo
20,PM,2019-06-17 09:50:16.676,Kaleidoo
21,PM,2019-04-08 13:18:49.558,Kaleidoo
22,PM,2019-01-20 16:22:17.086,Kaleidoo
23,PM,2019-03-06 16:26:10.761,Kaleidoo
24,PM,2019-03-23 06:59:00.770,Kaleidoo
25,PM,2019-02-19 03:23:05.968,Kaleidoo
26,PM,2019-01-26 02:18:03.008,Kaleidoo
27,PM,2019-05-05 02:35:48.076,Kaleidoo
28,PM,2019-06-10 11:07:27.768,Kaleidoo
29,PM,2019-01-30 03:54:29.862,Kaleidoo
30,PM,2019-06-14 13:38:06.580,Kaleidoo
31,PM,2019-06-13 03:48:29.188,Kaleidoo
32,PM,2019-02-23 10:59:04.643,Kaleidoo
33,PM,2019-08-19 20:02:35.668,Kaleidoo
34,PM,2019-12-16 12:28:36.952,Kaleidoo
35,PM,2019-12-13 13:57:18.298,Kaleidoo
36,PM,2019-10-28 08:40:36.152,Kaleidoo
37,PM,2019-09-08 01:04:25.917,Kaleidoo
38,PM,2019-12-03 21:04:26.033,Kaleidoo
39,PM,2019-09-11 21:59:04.085,Kaleidoo
40,PM,2019-10-03 04:19:26.269,Kaleidoo
41,PM,2019-12-23 08:03:47.182,Kaleidoo
42,PM,2019-07-24 19:32:06.772,Kaleidoo
43,PM,2019-10-03 07:49:55.762,Kaleidoo
44,PM,2019-09-01 06:12:12.740,Kaleidoo
45,PM,2019-10-24 08:09:57.768,Kaleidoo
46,PM,2019-12-18 19:45:00.625,Kaleidoo
47,PM,2019-12-13 10:46:24.198,Kaleidoo
48,PM,2019-09-17 12:05:06.410,Kaleidoo
49,PM,2019-10-04 09:53:56.337,Kaleidoo
50,PM,2019-08-10 16:35:32.272,Kaleidoo
51,PM,2019-07-30 22:33:25.796,Kaleidoo
52,PM,2019-12-01 05:40:57.524,Kaleidoo
53,PM,2019-12-25 08:39:45.688,Kaleidoo
54,PM,2020-01-03 15:49:46.016,Kaleidoo
55,PM,2020-02-25 23:36:40.765,Kaleidoo
56,PM,2020-06-19 17:34:28.583,Kaleidoo
57,PM,2020-01-29 22:17:12.251,Kaleidoo
58,PM,2020-02-03 01:49:28.023,Kaleidoo
59,PM,2020-05-27 22:00:13.637,Kaleidoo
60,PM,2020-06-23 00:05:51.939,Kaleidoo
61,PM,2020-03-05 14:47:50.050,Kaleidoo
62,PM,2020-02-01 04:15:28.524,Kaleidoo
63,PM,2020-01-20 10:29:09.176,Kaleidoo
64,PM,2020-02-01 07:06:48.607,Kaleidoo
65,PM,2020-06-10 05:19:27.965,Kaleidoo
66,PM,2020-02-06 06:01:34.159,Kaleidoo
67,PM,2020-06-04 08:35:27.823,Kaleidoo
68,PM,2020-04-08 02:15:11.054,Kaleidoo
69,PM,2020-05-24 08:36:55.865,Kaleidoo
70,PM,2020-04-06 03:48:26.237,Kaleidoo
71,PM,2020-03-14 13:36:31.923,Kaleidoo
72,PM,2020-06-05 04:25:28.171,Kaleidoo
73,PM,2020-03-18 04:34:56.278,Kaleidoo
74,PM,2020-04-30 06:51:39.247,Kaleidoo
75,PM,2020-02-05 15:34:53.376,Kaleidoo
76,PM,2020-04-25 18:38:16.962,Kaleidoo
77,PM,2020-03-19 21:49:21.240,Kaleidoo
78,PM,2020-02-14 20:57:30.863,Kaleidoo
79,PM,2020-10-01 00:39:27.659,Kaleidoo
80,PM,2020-10-14 23:42:30.625,Kaleidoo
81,PM,2020-11-12 07:26:30.053,Kaleidoo
82,PM,2020-07-31 04:10:23.350,Kaleidoo
83,PM,2020-07-08 17:25:33.493,Kaleidoo
84,PM,2020-08-07 15:48:36.367,Kaleidoo
85,PM,2020-10-18 06:16:23.287,Kaleidoo
86,PM,2020-09-29 08:38:38.190,Kaleidoo
87,PM,2020-07-07 02:12:08.193,Kaleidoo
88,PM,2020-12-21 18:08:00.346,Kaleidoo
89,PM,2020-11-02 03:56:26.678,Kaleidoo
90,PM,2020-07-02 18:11:42.440,Kaleidoo
91,PM,2020-09-25 00:15:34.240,Kaleidoo
92,PM,2020-08-24 15:10:49.630,Kaleidoo
93,PM,2020-10-14 10:36:19.102,Kaleidoo
94,PM,2020-08-28 18:00:04.784,Kaleidoo
95,PM,2020-06-27 07:38:22.427,Kaleidoo
96,PM,2020-09-09 23:28:49.387,Kaleidoo
97,PM,2020-06-28 18:10:39.405,Kaleidoo
98,PM,2020-12-11 16:21:47.327,Kaleidoo
99,PM,2020-07-03 21:26:12.346,Kaleidoo
100,PM,2020-07-30 19:24:32.282,Kaleidoo
101,PM,2020-06-26 10:37:14.675,Kaleidoo
102,PM,2020-12-15 23:24:20.270,Kaleidoo
103,PM,2020-11-11 02:05:23.155,Kaleidoo
104,PM,2020-08-12 22:01:36.257,Kaleidoo
105,PM,2020-10-09 00:46:34.068,Kaleidoo
106,PM,2020-08-12 23:20:07.462,Kaleidoo
107,PM,2020-07-30 20:49:37.088,Kaleidoo
108,PM,2020-11-08 12:24:37.556,Kaleidoo
109,PM,2020-12-12 05:15:15.949,Kaleidoo
110,PM,2021-04-13 09:49:16.770,Kaleidoo
111,PM,2021-02-18 09:48:18.076,Kaleidoo
112,PM,2021-04-12 13:12:33.662,Kaleidoo
113,PM,2021-06-20 01:22:39.615,Kaleidoo
114,PM,2021-06-07 22:40:51.296,Kaleidoo
115,PM,2021-02-16 11:14:08.778,Kaleidoo
116,PM,2021-02-19 05:26:16.675,Kaleidoo
117,PM,2021-06-10 13:03:19.809,Kaleidoo
118,PM,2021-02-23 04:58:10.968,Kaleidoo
119,PM,2021-05-25 14:45:15.809,Kaleidoo
120,PM,2021-02-04 01:53:15.283,Kaleidoo
121,PM,2021-03-31 16:37:22.475,Kaleidoo
122,PM,2021-04-04 08:36:12.011,Kaleidoo
123,PM,2021-02-03 06:23:16.952,Kaleidoo
124,PM,2021-06-24 17:55:04.273,Kaleidoo
125,PM,2021-05-27 07:47:08.869,Kaleidoo
126,PM,2021-01-21 05:19:46.083,Kaleidoo
127,PM,2021-05-15 03:42:27.282,Kaleidoo
128,PM,2021-03-23 08:20:20.295,Kaleidoo
129,PM,2021-04-27 15:25:40.224,Kaleidoo
130,PM,2021-06-20 14:45:40.156,Kaleidoo
131,PM,2021-04-12 17:06:58.864,Kaleidoo
132,PM,2021-03-22 23:00:51.368,Kaleidoo
133,PM,2021-01-26 21:53:28.715,Kaleidoo
134,PM,2021-01-20 12:45:17.432,Kaleidoo
135,PM,2020-12-31 14:46:03.859,Kaleidoo
136,PM,2021-05-13 20:04:58.503,Kaleidoo
137,PM,2021-03-19 09:45:33.992,Kaleidoo
138,PM,2021-01-12 11:41:54.880,Kaleidoo
139,PM,2021-06-24 00:08:04.960,Kaleidoo
140,PM,2021-01-13 01:12:12.608,Kaleidoo
141,PM,2021-02-19 12:06:16.728,Kaleidoo
142,PM,2021-03-06 01:55:02.801,Kaleidoo
143,PM,2021-03-03 22:22:58.789,Kaleidoo
144,PM,2020-12-28 23:48:03.335,Kaleidoo
145,PM,2021-03-11 19:02:28.201,Kaleidoo
146,PM,2021-01-31 09:40:13.003,Kaleidoo
147,PM,2021-11-09 14:20:20.394,Kaleidoo
148,PM,2021-09-16 23:09:04.245,Kaleidoo
149,PM,2021-10-23 00:36:29.896,Kaleidoo
150,PM,2021-12-12 02:12:23.808,Kaleidoo
151,PM,2021-09-14 09:46:38.349,Kaleidoo
152,PM,2021-10-28 12:39:13.702,Kaleidoo
153,PM,2021-09-09 09:29:46.099,Kaleidoo
154,PM,2021-08-06 16:25:18.056,Kaleidoo
155,PM,2021-07-01 14:42:10.307,Kaleidoo
156,PM,2021-07-26 03:36:02.085,Kaleidoo
157,PM,2021-09-19 08:42:20.455,Kaleidoo
158,PM,2021-11-13 09:49:29.286,Kaleidoo
159,PM,2021-12-22 07:41:52.804,Kaleidoo
160,PM,2021-08-31 10:27:24.967,Kaleidoo
161,PM,2021-06-28 23:12:40.767,Kaleidoo
162,PM,2021-07-16 19:22:33.661,Kaleidoo
163,PM,2021-10-05 04:58:25.624,Kaleidoo
164,PM,2021-08-13 23:34:38.632,Kaleidoo
165,PM,2021-07-09 04:33:52.778,Kaleidoo
166,PM,2021-10-26 18:04:46.121,Kaleidoo
167,PM,2021-08-24 19:00:32.475,Kaleidoo
168,PM,2021-09-07 00:19:15.832,Kaleidoo
169,PM,2021-08-22 14:56:41.364,Kaleidoo
170,PM,2021-10-17 09:15:33.039,Kaleidoo
171,PM,2021-12-12 02:16:28.469,Kaleidoo
172,PM,2021-08-02 18:12:43.379,Kaleidoo
173,PM,2021-07-16 11:43:39.682,Kaleidoo
174,PM,2021-08-19 15:43:33.454,Kaleidoo
175,PM,2021-09-20 14:06:58.896,Kaleidoo
176,PM,2021-08-02 23:16:30.152,Kaleidoo
177,PM,2021-08-30 06:51:03.465,Kaleidoo
178,PM,2021-08-30 16:46:01.023,Kaleidoo
179,PM,2021-10-24 23:39:02.375,Kaleidoo
180,PM,2021-11-07 00:53:36.172,Kaleidoo
181,PM,2021-12-20 13:28:36.643,Kaleidoo
182,PM,2021-06-26 16:53:14.289,Kaleidoo
183,PM,2021-11-04 23:59:50.849,Kaleidoo
184,PM,2021-08-29 01:53:36.911,Kaleidoo
185,PM,2021-12-18 06:11:25.837,Kaleidoo
186,PM,2021-12-04 02:51:18.991,Kaleidoo
187,PM,2021-07-28 14:59:49.349,Kaleidoo
188,PM,2021-08-20 22:08:06.493,Kaleidoo
189,PM,2021-11-02 04:42:37.757,Kaleidoo
190,PM,2021-09-26 13:37:06.420,Kaleidoo
191,PM,2022-04-24 04:56:48.335,Kaleidoo
192,PM,2022-01-10 18:49:13.405,Kaleidoo
193,PM,2022-05-14 23:34:57.953,Kaleidoo
194,PM,2022-04-29 15:34:57.909,Kaleidoo
195,PM,2022-03-07 23:44:10.630,Kaleidoo
196,PM,2022-02-23 07:50:49.451,Kaleidoo
197,PM,2022-01-14 11:21:41.259,Kaleidoo
198,PM,2022-01-09 13:54:44.502,Kaleidoo
199,PM,2022-05-13 07:27:26.951,Kaleidoo
200,PM,2022-06-20 11:22:42.014,Kaleidoo
201,PM,2022-05-21 02:33:12.982,Kaleidoo
202,PM,2022-02-20 05:49:54.819,Kaleidoo
203,PM,2022-06-13 23:14:11.175,Kaleidoo
204,PM,2022-04-08 03:54:02.002,Kaleidoo
205,PM,2022-03-06 03:23:06.885,Kaleidoo
206,PM,2022-04-15 11:09:32.231,Kaleidoo
207,PM,2022-02-15 23:43:36.996,Kaleidoo
208,PM,2022-03-04 00:12:06.032,Kaleidoo
209,PM,2022-06-24 00:11:24.415,Kaleidoo
210,PM,2022-04-22 18:58:50.634,Kaleidoo
211,PM,2022-05-31 12:40:19.735,Kaleidoo
212,PM,2022-03-17 11:30:10.151,Kaleidoo
213,PM,2022-06-11 17:55:46.319,Kaleidoo
214,PM,2022-03-31 10:08:30.546,Kaleidoo
215,PM,2022-04-28 11:16:48.606,Kaleidoo
216,PM,2022-02-04 19:34:14.429,Kaleidoo
217,PM,2022-05-12 00:59:22.767,Kaleidoo
218,PM,2022-01-15 19:55:59.612,Kaleidoo
219,PM,2022-06-15 07:44:28.912,Kaleidoo
220,PM,2022-05-24 00:48:18.255,Kaleidoo
221,PM,2022-01-07 05:11:34.458,Kaleidoo
222,PM,2022-04-25 09:17:17.087,Kaleidoo
223,PM,2022-05-15 18:07:01.814,Kaleidoo
224,PM,2022-01-19 13:15:55.629,Kaleidoo
225,PM,2022-01-29 05:43:29.531,Kaleidoo
226,PM,2022-05-27 01:45:50.056,Kaleidoo
227,PM,2022-02-19 17:34:47.496,Kaleidoo
228,PM,2022-05-13 06:56:47.125,Kaleidoo
229,PM,2022-02-11 04:38:25.118,Kaleidoo
230,PM,2022-02-13 08:44:45.156,Kaleidoo
231,PM,2022-03-09 12:11:22.794,Kaleidoo
232,PM,2022-04-09 05:30:34.327,Kaleidoo
233,PM,2022-06-13 22:44:37.432,Kaleidoo
234,PM,2022-06-12 03:05:57.540,Kaleidoo
235,PM,2022-01-18 23:37:07.115,Kaleidoo
236,PM,2022-04-13 21:52:19.986,Kaleidoo
237,PM,2022-06-19 22:58:53.448,Kaleidoo
238,PM,2022-03-04 22:33:32.082,Kaleidoo
239,PM,2022-04-07 15:15:05.947,Kaleidoo
240,PM,2022-02-03 22:53:52.435,Kaleidoo
241,PM,2022-01-16 07:19:20.612,Kaleidoo
242,PM,2022-04-21 05:33:01.196,Kaleidoo
243,PM,2022-05-19 02:30:21.685,Kaleidoo
244,PM,2022-07-04 06:01:20.068,Kaleidoo
245,PM,2022-11-07 18:31:31.598,Kaleidoo
246,PM,2022-12-25 05:46:39.996,Kaleidoo
247,PM,2022-09-03 15:12:26.427,Kaleidoo
248,PM,2022-09-27 08:36:16.299,Kaleidoo
249,PM,2022-10-06 12:05:51.157,Kaleidoo
250,PM,2022-12-24 03:10:16.462,Kaleidoo
251,PM,2022-12-19 12:54:47.712,Kaleidoo
252,PM,2022-07-04 04:43:55.345,Kaleidoo
253,PM,2022-07-05 03:46:33.626,Kaleidoo
254,PM,2022-09-09 19:56:57.079,Kaleidoo
255,PM,2022-11-20 19:20:02.030,Kaleidoo
256,PM,2022-08-14 11:58:36.421,Kaleidoo
257,PM,2022-11-03 08:01:07.056,Kaleidoo
258,PM,2022-07-05 03:39:15.861,Kaleidoo
259,PM,2022-11-20 04:33:14.052,Kaleidoo
260,PM,2022-10-22 07:05:59.143,Kaleidoo
261,PM,2022-06-30 14:59:04.915,Kaleidoo
262,PM,2022-07-20 04:35:36.294,Kaleidoo
263,PM,2022-10-12 01:21:28.019,Kaleidoo
264,PM,2022-12-25 05:36:38.673,Kaleidoo
265,PM,2022-08-15 16:11:07.750,Kaleidoo
266,PM,2022-11-01 12:55:24.621,Kaleidoo
267,PM,2022-10-17 05:53:00.411,Kaleidoo
268,PM,2022-07-11 22:52:38.285,Kaleidoo
269,PM,2022-08-28 07:58:26.740,Kaleidoo
270,PM,2022-10-28 06:32:20.755,Kaleidoo
271,PM,2022-08-07 11:34:31.105,Kaleidoo
272,PM,2022-08-25 16:14:56.825,Kaleidoo
273,PM,2022-06-30 17:48:06.830,Kaleidoo
274,PM,2022-08-25 20:33:54.865,Kaleidoo
275,PM,2022-09-30 14:17:21.100,Kaleidoo
276,PM,2022-08-03 07:30:36.793,Kaleidoo
277,PM,2022-07-14 04:24:05.011,Kaleidoo
278,PM,2022-07-04 08:59:15.588,Kaleidoo
279,PM,2022-07-05 18:31:31.038,Kaleidoo
280,PM,2022-09-24 01:30:01.322,Kaleidoo
281,PM,2022-10-04 17:23:37.902,Kaleidoo
282,PM,2022-07-03 12:31:49.270,Kaleidoo
283,PM,2022-09-23 02:01:25.899,Kaleidoo
284,PM,2022-09-26 02:24:28.158,Kaleidoo
285,PM,2022-08-23 09:19:40.700,Kaleidoo
286,PM,2022-12-09 04:22:16.462,Kaleidoo
287,PM,2022-11-03 12:13:50.440,Kaleidoo
288,PM,2022-07-06 09:14:23.013,Kaleidoo
289,PM,2022-09-14 20:43:21.262,Kaleidoo
290,PM,2022-12-04 11:19:09.211,Kaleidoo
291,PM,2022-12-04 06:36:42.805,Kaleidoo
292,PM,2022-10-22 16:36:43.057,Kaleidoo
293,PM,2022-08-31 06:30:43.236,Kaleidoo
294,PM,2022-09-08 17:02:40.606,Kaleidoo
295,PM,2022-09-04 17:25:11.266,Kaleidoo
296,PM,2022-12-07 02:31:00.225,Kaleidoo
297,PM,2022-08-26 13:18:41.674,Kaleidoo
298,PM,2022-09-06 14:52:15.952,Kaleidoo
299,PM,2022-10-31 19:01:50.925,Kaleidoo
300,PM,2022-07-14 08:32:53.588,Kaleidoo
301,PM,2022-10-11 10:43:23.783,Kaleidoo
302,PM,2022-11-10 12:02:10.497,Kaleidoo
303,PM,2022-07-14 19:47:16.267,Kaleidoo
304,PM,2022-10-05 10:41:31.318,Kaleidoo
305,PM,2022-09-04 15:21:11.438,Kaleidoo
306,PM,2022-12-13 01:31:34.236,Kaleidoo
307,PM,2022-08-18 17:42:12.433,Kaleidoo
308,PM,2023-04-12 18:12:45.011,Kaleidoo
309,PM,2023-04-24 11:01:23.411,Kaleidoo
310,PM,2023-05-24 05:25:02.104,Kaleidoo
311,PM,2023-02-05 20:34:53.251,Kaleidoo
312,PM,2023-01-05 07:37:40.020,Kaleidoo
313,PM,2023-02-11 01:39:07.053,Kaleidoo
314,PM,2023-02-03 01:00:25.177,Kaleidoo
315,PM,2023-04-27 13:01:19.851,Kaleidoo
316,PM,2023-05-15 09:51:30.567,Kaleidoo
317,PM,2023-06-21 12:35:51.345,Kaleidoo
318,PM,2023-06-15 00:46:44.038,Kaleidoo
319,PM,2022-12-27 06:00:33.007,Kaleidoo
320,PM,2023-01-17 09:47:06.239,Kaleidoo
321,PM,2023-04-30 03:02:25.506,Kaleidoo
322,PM,2023-04-30 15:11:58.732,Kaleidoo
323,PM,2023-02-02 04:47:17.630,Kaleidoo
324,PM,2023-02-13 09:04:56.469,Kaleidoo
325,PM,2023-03-06 07:15:41.126,Kaleidoo
326,PM,2023-05-04 05:35:53.789,Kaleidoo
327,PM,2023-05-24 02:18:57.690,Kaleidoo
328,PM,2023-05-05 13:18:35.394,Kaleidoo
329,PM,2022-12-27 07:50:26.454,Kaleidoo
330,PM,2023-04-18 14:19:34.265,Kaleidoo
331,PM,2023-03-10 16:07:23.057,Kaleidoo
332,PM,2023-01-29 17:53:33.225,Kaleidoo
333,PM,2023-06-22 03:34:17.852,Kaleidoo
334,PM,2023-01-11 07:19:25.251,Kaleidoo
335,PM,2023-02-18 00:59:20.750,Kaleidoo
336,PM,2023-04-28 13:24:29.287,Kaleidoo
337,PM,2023-04-06 15:03:14.582,Kaleidoo
338,PM,2023-01-06 06:35:20.713,Kaleidoo
339,PM,2023-03-23 21:26:01.387,Kaleidoo
340,PM,2023-02-19 17:10:08.370,Kaleidoo
341,PM,2022-12-28 09:58:29.480,Kaleidoo
342,PM,2023-02-02 23:39:55.680,Kaleidoo
343,PM,2023-04-08 11:31:17.823,Kaleidoo
344,PM,2022-12-30 12:03:41.728,Kaleidoo
345,PM,2023-03-01 12:47:32.583,Kaleidoo
346,PM,2023-03-08 22:26:57.126,Kaleidoo
347,PM,2023-06-13 05:45:44.897,Kaleidoo
348,PM,2023-01-06 19:39:21.358,Kaleidoo
349,PM,2023-03-23 08:38:56.044,Kaleidoo
350,PM,2023-01-21 16:37:15.872,Kaleidoo
351,PM,2023-01-24 05:54:35.747,Kaleidoo
352,PM,2023-04-05 16:58:42.862,Kaleidoo
353,PM,2023-04-12 08:27:55.837,Kaleidoo
354,PM,2023-03-05 03:33:44.257,Kaleidoo
355,PM,2023-02-24 15:32:01.751,Kaleidoo
356,PM,2022-12-31 02:34:37.941,Kaleidoo
357,PM,2022-12-31 02:21:45.755,Kaleidoo
358,PM,2023-02-02 19:13:33.448,Kaleidoo
359,PM,2023-06-11 00:12:01.545,Kaleidoo
360,PM,2023-04-29 02:23:22.464,Kaleidoo
361,PM,2023-02-20 01:45:34.079,Kaleidoo
362,PM,2023-01-17 02:15:27.881,Kaleidoo
363,PM,2023-02-08 14:31:07.719,Kaleidoo
364,PM,2023-02-27 22:35:12.493,Kaleidoo
365,PM,2023-02-15 10:21:29.959,Kaleidoo
366,PM,2023-05-17 23:43:03.826,Kaleidoo
367,PM,2023-05-28 02:48:50.193,Kaleidoo
368,PM,2023-01-30 00:46:28.214,Kaleidoo
369,PM,2023-02-10 18:44:33.638,Kaleidoo
370,PM,2023-02-17 22:16:53.256,Kaleidoo
371,PM,2023-05-07 12:07:27.706,Kaleidoo
372,PM,2023-06-13 01:11:46.004,Kaleidoo
373,PM,2023-04-09 08:01:31.176,Kaleidoo
374,PM,2023-02-06 00:20:06.980,Kaleidoo
375,PM,2023-05-26 11:17:00.467,Kaleidoo
376,PM,2023-01-18 18:23:34.335,Kaleidoo
377,PM,2023-06-06 10:22:18.917,Kaleidoo
378,PM,2023-03-24 09:28:17.554,Kaleidoo
379,PM,2023-05-10 16:29:39.581,Kaleidoo
380,PM,2023-04-19 23:52:07.466,Kaleidoo
381,PM,2023-06-14 08:47:31.531,Kaleidoo
382,PM,2023-01-06 00:47:06.390,Kaleidoo
383,PM,2023-04-03 16:01:01.201,Kaleidoo
384,PM,2023-03-07 12:29:54.828,Kaleidoo
