400,Repair,2018-07-30 10:49:37.333,Kaleidoo
401,Repair,2018-10-06 06:02:56.391,Kaleidoo
402,Repair,2018-11-11 06:33:46.599,Kaleidoo
403,Repair,2018-12-15 04:31:37.584,Kaleidoo
404,Repair,2019-04-10 09:27:14.885,Kaleidoo
405,Repair,2019-06-05 20:21:10.935,Kaleidoo
406,Repair,2019-03-01 10:15:45.202,Kaleidoo
407,Repair,2019-01-27 20:54:00.327,Kaleidoo
408,Repair,2019-08-15 12:13:01.845,Kaleidoo
409,Repair,2019-10-08 22:38:37.316,Kaleidoo
410,Repair,2019-07-03 10:36:33.391,Kaleidoo
411,Repair,2019-10-01 14:22:05.063,Kaleidoo
412,Repair,2019-10-17 16:48:05.493,Kaleidoo
413,Repair,2020-06-25 08:36:58.911,Kaleidoo
414,Repair,2020-06-19 18:01:31.599,Kaleidoo
415,Repair,2020-04-02 11:15:12.083,Kaleidoo
416,Repair,2020-06-02 05:09:43.063,Kaleidoo
417,Repair,2020-04-15 03:30:16.660,Kaleidoo
418,Repair,2020-04-17 14:08:03.321,Kaleidoo
419,Repair,2020-10-20 12:30:09.901,Kaleidoo
420,Repair,2020-07-27 22:30:17.553,Kaleidoo
421,Repair,2020-08-28 04:13:27.615,Kaleidoo
422,Repair,2020-11-16 23:55:24.525,Kaleidoo
423,Repair,2020-08-02 13:31:34.123,Kaleidoo
424,Repair,2020-11-29 15:01:07.945,Kaleidoo
425,Repair,2020-10-10 20:53:34.618,Kaleidoo
426,Repair,2020-09-07 00:10:44.977,Kaleidoo
427,Repair,2021-04-23 20:22:28.042,Kaleidoo
428,Repair,2021-03-04 22:29:00.334,Kaleidoo
429,Repair,2021-04-11 05:37:54.857,Kaleidoo
430,Repair,2021-04-27 15:15:47.696,Kaleidoo
431,Repair,2021-03-13 22:47:34.571,Kaleidoo
432,Repair,2021-05-29 03:57:40.441,Kaleidoo
433,Repair,2021-06-08 03:16:12.490,Kaleidoo
434,Repair,2020-12-31 01:05:28.673,Kaleidoo
435,Repair,2021-01-17 05:14:49.080,Kaleidoo
436,Repair,2021-10-15 02:48:49.229,Kaleidoo
437,Repair,2021-11-06 21:43:16.861,Kaleidoo
438,Repair,2021-07-27 01:25:19.053,Kaleidoo
439,Repair,2021-09-27 18:08:22.898,Kaleidoo
440,Repair,2021-06-30 12:39:05.153,Kaleidoo
441,Repair,2021-12-08 12:21:28.702,Kaleidoo
442,Repair,2021-08-05 09:01:28.712,Kaleidoo
443,Repair,2021-11-02 01:56:47.497,Kaleidoo
444,Repair,2021-08-12 11:06:07.143,Kaleidoo
445,Repair,2021-09-22 06:12:02.688,Kaleidoo
446,Repair,2021-07-25 16:16:54.018,Kaleidoo
447,Repair,2022-02-19 09:31:08.059,Kaleidoo
448,Repair,2022-05-12 00:55:26.050,Kaleidoo
449,Repair,2022-02-04 08:33:35.394,Kaleidoo
450,Repair,2022-03-02 16:05:20.562,Kaleidoo
451,Repair,2022-04-04 10:49:44.180,Kaleidoo
452,Repair,2022-05-16 10:11:27.546,Kaleidoo
453,Repair,2022-01-10 12:46:26.435,Kaleidoo
454,Repair,2022-04-06 16:51:26.328,Kaleidoo
455,Repair,2022-06-25 16:47:24.485,Kaleidoo
456,Repair,2022-03-07 11:48:50.440,Kaleidoo
457,Repair,2022-01-30 16:03:02.212,Kaleidoo
458,Repair,2022-02-14 14:34:52.084,Kaleidoo
459,Repair,2022-04-15 20:34:10.692,Kaleidoo
460,Repair,2022-01-06 17:26:36.256,Kaleidoo
461,Repair,2022-12-13 02:25:37.694,Kaleidoo
462,Repair,2022-08-30 19:52:03.784,Kaleidoo
463,Repair,2022-10-15 06:18:45.787,Kaleidoo
464,Repair,2022-10-24 17:22:17.217,Kaleidoo
465,Repair,2022-09-02 10:16:10.887,Kaleidoo
466,Repair,2022-07-12 16:46:59.575,Kaleidoo
467,Repair,2022-11-24 00:49:40.273,Kaleidoo
468,Repair,2022-10-15 06:44:07.342,Kaleidoo
469,Repair,2022-11-26 15:28:11.163,Kaleidoo
470,Repair,2022-08-03 21:06:51.352,Kaleidoo
471,Repair,2022-11-14 21:49:52.225,Kaleidoo
472,Repair,2022-11-11 21:37:51.213,Kaleidoo
473,Repair,2022-07-27 08:54:08.563,Kaleidoo
474,Repair,2022-08-03 09:12:19.339,Kaleidoo
475,Repair,2022-11-04 03:00:32.061,Kaleidoo
476,Repair,2022-11-09 23:55:47.644,Kaleidoo
477,Repair,2022-12-24 16:16:56.711,Kaleidoo
478,Repair,2023-02-06 19:57:35.301,Kaleidoo
479,Repair,2023-06-07 19:09:15.285,Kaleidoo
480,Repair,2023-03-08 04:42:18.329,Kaleidoo
481,Repair,2023-01-04 18:36:15.357,Kaleidoo
482,Repair,2023-05-12 02:10:20.552,Kaleidoo
483,Repair,2023-03-21 15:57:06.678,Kaleidoo
484,Repair,2023-04-08 17:11:41.909,Kaleidoo
485,Repair,2023-04-19 12:21:18.804,Kaleidoo
486,Repair,2022-12-27 00:44:36.468,Kaleidoo
487,Repair,2023-03-09 18:50:06.715,Kaleidoo
488,Repair,2023-01-11 05:13:48.500,Kaleidoo
489,Repair,2023-03-24 10:46:52.948,Kaleidoo
490,Repair,2023-06-04 09:30:51.314,Kaleidoo
491,Repair,2023-03-30 05:53:40.807,Kaleidoo
492,Repair,2023-03-09 00:36:01.204,Kaleidoo
493,Repair,2023-01-19 22:05:01.445,Kaleidoo
494,Repair,2023-02-25 20:57:26.591,Kaleidoo
495,Repair,2023-03-08 18:48:20.859,Kaleidoo
496,Repair,2023-02-19 12:05:40.765,Kaleidoo
497,Repair,2023-03-25 05:00:48.030,Kaleidoo
